{"cameraMode":{"drawMode":0,"name":"Shaded","section":"Shading Mode"},"sceneLighting":true,"audioPlay":false,"sceneViewState":{"m_AlwaysRefresh":false,"showFog":true,"showSkybox":true,"showFlares":true,"showImageEffects":true,"showParticleSystems":true,"showVisualEffectGraphs":true,"m_FxEnabled":true},"in2DMode":false,"pivot":{"x":8.556954383850098,"y":-23.688068389892579,"z":8.009093284606934},"rotation":{"x":0.5053690075874329,"y":-0.0013003062922507525,"z":0.0007596469367854297,"w":0.8629044890403748},"size":53.52824783325195,"orthographic":false}